
{
    "region" : "us-west-2",
    "configuration" : "Debug",
    "framework"     : "netcoreapp3.1",
    "self-contained" : false,
    "application"    : "VkToDiscordTransfer",
    "environment"    : "VkToDiscordTransfer-dev",
    "enable-xray"    : false,
    "enhanced-health-type" : "basic",
    "additional-options"   : "",
    "solution-stack"       : "64bit Amazon Linux 2 v2.0.4 running .NET Core",
    "environment-type"     : "SingleInstance",
    "cname"                : "vktodiscordtransfer-dev",
    "instance-type"        : "t1.micro",
    "key-pair"             : "",
    "instance-profile"     : "aws-elasticbeanstalk-ec2-role",
    "service-role"         : "aws-elasticbeanstalk-service-role",
    "proxy-server"         : "nginx"
}